{"count":1,"self":66.793088,"total":67.0110478,"children":{"InitializeActuators":{"count":1,"self":0.0029851,"total":0.0029851,"children":null},"InitializeSensors":{"count":1,"self":0.0040003999999999994,"total":0.0040003999999999994,"children":null},"AgentSendState":{"count":2845,"self":0.036495099999999996,"total":0.0549917,"children":{"CollectObservations":{"count":170,"self":0.0090004,"total":0.0090004,"children":null},"WriteActionMask":{"count":170,"self":0.0024958,"total":0.0024958,"children":null},"RequestDecision":{"count":170,"self":0.0070003999999999995,"total":0.0070003999999999995,"children":null}}},"DecideAction":{"count":2845,"self":0.061416399999999996,"total":0.061416399999999996,"children":null},"AgentAct":{"count":2845,"self":0.09206969999999999,"total":0.09206969999999999,"children":null}},"gauges":{},"metadata":{"timer_format_version":"0.1.0","start_time_seconds":"1643128377","unity_version":"2020.3.22f1","command_line_arguments":"E:\\Programme\\Unity\\2020.3.22f1\\Editor\\Unity.exe -projectpath D:\/Dokumente\/MKI\/ARVR\/ModA\/4-connect-ar -useHub -hubIPC -cloudEnvironment production -hubSessionId 03144ff0-7ddd-11ec-a7ad-1babfc8507e7","communication_protocol_version":"1.5.0","com.unity.ml-agents_version":"2.0.1","scene_name":"BlankAR","end_time_seconds":"1643128444"}}